{
  "model_a": {
    "600": {
      "coefficients": {
        "eval_gap": 0.0005453402326132411,
        "difficulty": -0.3188202619473311,
        "safety_change": -0.0002106449234210706,
        "center_change": -0.06591717817142682,
        "king_safety_change": 0.006315549840622245,
        "development_change": 0.6453919211447021,
        "mobility_change": -0.004620022316803981,
        "material_change": 0.0035276440732558726,
        "opponent_pressure_change": -0.3779798911289781,
        "is_capture": 1.357384043053548,
        "is_check": 4.833055246884184,
        "is_castling": 1.4135239283353098,
        "num_preferred_tags": -0.18628667234507862,
        "num_priorities": -0.003768621250443536
      },
      "intercept": 0.0,
      "coefficients_stats": {
        "eval_gap": {
          "mean": 6.86,
          "sd": 4.411,
          "hdi_3%": -0.598,
          "hdi_97%": 15.765,
          "r_hat": 1.0,
          "ess_bulk": 965.0
        },
        "difficulty": {
          "mean": -0.357,
          "sd": 0.317,
          "hdi_3%": -0.923,
          "hdi_97%": 0.222,
          "r_hat": 1.0,
          "ess_bulk": 388.0
        },
        "safety_change": {
          "mean": -0.056,
          "sd": 0.35,
          "hdi_3%": -0.76,
          "hdi_97%": 0.534,
          "r_hat": 1.0,
          "ess_bulk": 455.0
        },
        "center_change": {
          "mean": -0.355,
          "sd": 0.144,
          "hdi_3%": -0.645,
          "hdi_97%": -0.1,
          "r_hat": 1.0,
          "ess_bulk": 1249.0
        },
        "king_safety_change": {
          "mean": 0.027,
          "sd": 0.177,
          "hdi_3%": -0.308,
          "hdi_97%": 0.342,
          "r_hat": 1.0,
          "ess_bulk": 1038.0
        },
        "development_change": {
          "mean": 0.241,
          "sd": 0.154,
          "hdi_3%": -0.034,
          "hdi_97%": 0.527,
          "r_hat": 1.01,
          "ess_bulk": 902.0
        },
        "mobility_change": {
          "mean": -0.027,
          "sd": 0.229,
          "hdi_3%": -0.414,
          "hdi_97%": 0.416,
          "r_hat": 1.0,
          "ess_bulk": 894.0
        },
        "material_change": {
          "mean": 0.308,
          "sd": 0.188,
          "hdi_3%": -0.048,
          "hdi_97%": 0.658,
          "r_hat": 1.0,
          "ess_bulk": 352.0
        },
        "opponent_pressure_change": {
          "mean": -1.06,
          "sd": 0.583,
          "hdi_3%": -2.186,
          "hdi_97%": -0.032,
          "r_hat": 1.0,
          "ess_bulk": 441.0
        },
        "is_capture": {
          "mean": 0.386,
          "sd": 0.165,
          "hdi_3%": 0.09,
          "hdi_97%": 0.706,
          "r_hat": 1.01,
          "ess_bulk": 395.0
        },
        "is_check": {
          "mean": 1.261,
          "sd": 0.579,
          "hdi_3%": 0.282,
          "hdi_97%": 2.393,
          "r_hat": 1.0,
          "ess_bulk": 464.0
        },
        "is_castling": {
          "mean": 0.134,
          "sd": 0.095,
          "hdi_3%": -0.042,
          "hdi_97%": 0.311,
          "r_hat": 1.0,
          "ess_bulk": 905.0
        },
        "num_preferred_tags": {
          "mean": -0.151,
          "sd": 0.234,
          "hdi_3%": -0.588,
          "hdi_97%": 0.269,
          "r_hat": 1.0,
          "ess_bulk": 608.0
        },
        "num_priorities": {
          "mean": -0.003,
          "sd": 0.222,
          "hdi_3%": -0.449,
          "hdi_97%": 0.364,
          "r_hat": 1.0,
          "ess_bulk": 749.0
        }
      }
    },
    "1000": {
      "coefficients": {
        "eval_gap": 9.762146208374401e-05,
        "difficulty": 0.04972639297099132,
        "safety_change": 0.0009240882238345337,
        "center_change": 0.05072995129548848,
        "king_safety_change": 0.028456858060557463,
        "development_change": -0.21338049852838492,
        "mobility_change": -0.008769753770080876,
        "material_change": 0.004605372115275978,
        "opponent_pressure_change": -0.1623895117824997,
        "is_capture": 0.9041908120575955,
        "is_check": 2.415012352205666,
        "is_castling": 0.17584117671693944,
        "num_preferred_tags": 0.03724505199399768,
        "num_priorities": -0.3600778372019671
      },
      "intercept": 0.0,
      "coefficients_stats": {
        "eval_gap": {
          "mean": 0.992,
          "sd": 4.599,
          "hdi_3%": -7.483,
          "hdi_97%": 9.309,
          "r_hat": 1.01,
          "ess_bulk": 821.0
        },
        "difficulty": {
          "mean": 0.055,
          "sd": 0.279,
          "hdi_3%": -0.443,
          "hdi_97%": 0.602,
          "r_hat": 1.01,
          "ess_bulk": 564.0
        },
        "safety_change": {
          "mean": 0.238,
          "sd": 0.277,
          "hdi_3%": -0.306,
          "hdi_97%": 0.738,
          "r_hat": 1.02,
          "ess_bulk": 607.0
        },
        "center_change": {
          "mean": 0.272,
          "sd": 0.14,
          "hdi_3%": 0.029,
          "hdi_97%": 0.541,
          "r_hat": 1.0,
          "ess_bulk": 687.0
        },
        "king_safety_change": {
          "mean": 0.114,
          "sd": 0.163,
          "hdi_3%": -0.163,
          "hdi_97%": 0.433,
          "r_hat": 1.0,
          "ess_bulk": 674.0
        },
        "development_change": {
          "mean": -0.073,
          "sd": 0.164,
          "hdi_3%": -0.372,
          "hdi_97%": 0.244,
          "r_hat": 1.01,
          "ess_bulk": 738.0
        },
        "mobility_change": {
          "mean": -0.049,
          "sd": 0.233,
          "hdi_3%": -0.439,
          "hdi_97%": 0.39,
          "r_hat": 1.0,
          "ess_bulk": 767.0
        },
        "material_change": {
          "mean": 0.395,
          "sd": 0.199,
          "hdi_3%": 0.01,
          "hdi_97%": 0.764,
          "r_hat": 1.02,
          "ess_bulk": 480.0
        },
        "opponent_pressure_change": {
          "mean": -0.413,
          "sd": 0.332,
          "hdi_3%": -1.0,
          "hdi_97%": 0.224,
          "r_hat": 1.01,
          "ess_bulk": 402.0
        },
        "is_capture": {
          "mean": 0.255,
          "sd": 0.173,
          "hdi_3%": -0.077,
          "hdi_97%": 0.56,
          "r_hat": 1.01,
          "ess_bulk": 560.0
        },
        "is_check": {
          "mean": 0.558,
          "sd": 0.335,
          "hdi_3%": -0.075,
          "hdi_97%": 1.14,
          "r_hat": 1.01,
          "ess_bulk": 330.0
        },
        "is_castling": {
          "mean": 0.019,
          "sd": 0.097,
          "hdi_3%": -0.16,
          "hdi_97%": 0.2,
          "r_hat": 1.0,
          "ess_bulk": 682.0
        },
        "num_preferred_tags": {
          "mean": 0.028,
          "sd": 0.207,
          "hdi_3%": -0.367,
          "hdi_97%": 0.398,
          "r_hat": 1.0,
          "ess_bulk": 544.0
        },
        "num_priorities": {
          "mean": -0.271,
          "sd": 0.198,
          "hdi_3%": -0.605,
          "hdi_97%": 0.131,
          "r_hat": 1.0,
          "ess_bulk": 681.0
        }
      }
    },
    "1400": {
      "coefficients": {
        "eval_gap": 0.00022659553729459047,
        "difficulty": -0.7370927963288557,
        "safety_change": -0.0016456729978655946,
        "center_change": -0.010241081021149461,
        "king_safety_change": -0.08221109205091069,
        "development_change": 1.2627895283659896,
        "mobility_change": -0.11258922545709882,
        "material_change": 0.004444495088728589,
        "opponent_pressure_change": 1.3217720249887253,
        "is_capture": 0.6372725874962327,
        "is_check": -12.199940921641824,
        "is_castling": 0.5619966879495629,
        "num_preferred_tags": 0.5242180437569692,
        "num_priorities": -0.3942782652221752
      },
      "intercept": 0.0,
      "coefficients_stats": {
        "eval_gap": {
          "mean": 1.979,
          "sd": 4.849,
          "hdi_3%": -7.231,
          "hdi_97%": 10.625,
          "r_hat": 1.0,
          "ess_bulk": 569.0
        },